{
  "Register Page" : {
    "transaction" : "Register Page",
    "sampleCount" : 5079,
    "errorCount" : 1021,
    "errorPct" : 20.102383,
    "meanResTime" : 3406.46229572751,
    "medianResTime" : 756.0,
    "minResTime" : 1.0,
    "maxResTime" : 49227.0,
    "pct1ResTime" : 11789.0,
    "pct2ResTime" : 20032.0,
    "pct3ResTime" : 30189.0,
    "throughput" : 24.79956250427242,
    "receivedKBytesPerSec" : 668.5595359328767,
    "sentKBytesPerSec" : 5.348916270348923
  },
  "Forget Password Page" : {
    "transaction" : "Forget Password Page",
    "sampleCount" : 4961,
    "errorCount" : 1004,
    "errorPct" : 20.237856,
    "meanResTime" : 3356.907478330981,
    "medianResTime" : 755.0,
    "minResTime" : 360.0,
    "maxResTime" : 30553.0,
    "pct1ResTime" : 11709.00000000001,
    "pct2ResTime" : 19967.9,
    "pct3ResTime" : 30187.0,
    "throughput" : 24.573517465475224,
    "receivedKBytesPerSec" : 189.25627328843544,
    "sentKBytesPerSec" : 5.476874637787047
  },
  "Total" : {
    "transaction" : "Total",
    "sampleCount" : 20581,
    "errorCount" : 4157,
    "errorPct" : 20.19824,
    "meanResTime" : 3393.8012244303122,
    "medianResTime" : 777.0,
    "minResTime" : 0.0,
    "maxResTime" : 49227.0,
    "pct1ResTime" : 12217.700000000019,
    "pct2ResTime" : 20005.9,
    "pct3ResTime" : 30190.0,
    "throughput" : 98.23022365620137,
    "receivedKBytesPerSec" : 1598.37860179376,
    "sentKBytesPerSec" : 21.099139043244495
  },
  "Login Page" : {
    "transaction" : "Login Page",
    "sampleCount" : 5216,
    "errorCount" : 1043,
    "errorPct" : 19.996166,
    "meanResTime" : 3340.812116564407,
    "medianResTime" : 754.0,
    "minResTime" : 0.0,
    "maxResTime" : 43729.0,
    "pct1ResTime" : 10521.500000000004,
    "pct2ResTime" : 19983.15,
    "pct3ResTime" : 30192.0,
    "throughput" : 25.234517491449,
    "receivedKBytesPerSec" : 381.90217051139086,
    "sentKBytesPerSec" : 5.36504400529025
  },
  "Landing Page" : {
    "transaction" : "Landing Page",
    "sampleCount" : 5325,
    "errorCount" : 1089,
    "errorPct" : 20.450705,
    "meanResTime" : 3468.001314553993,
    "medianResTime" : 791.0,
    "minResTime" : 368.0,
    "maxResTime" : 40032.0,
    "pct1ResTime" : 12426.80000000012,
    "pct2ResTime" : 20014.0,
    "pct3ResTime" : 30213.319999999996,
    "throughput" : 25.678367000525622,
    "receivedKBytesPerSec" : 389.7295394726532,
    "sentKBytesPerSec" : 5.355216656700728
  }
}