{
  "Admin Reports" : {
    "transaction" : "Admin Reports",
    "sampleCount" : 20,
    "errorCount" : 0,
    "errorPct" : 0.0,
    "meanResTime" : 22597.049999999996,
    "medianResTime" : 21899.0,
    "minResTime" : 7181.0,
    "maxResTime" : 42667.0,
    "pct1ResTime" : 41926.700000000004,
    "pct2ResTime" : 42645.5,
    "pct3ResTime" : 42667.0,
    "throughput" : 0.18861874493087125,
    "receivedKBytesPerSec" : 3.3175532140634134,
    "sentKBytesPerSec" : 0.08159971094177339
  },
  "Admin Reports-0" : {
    "transaction" : "Admin Reports-0",
    "sampleCount" : 20,
    "errorCount" : 0,
    "errorPct" : 0.0,
    "meanResTime" : 9272.700000000003,
    "medianResTime" : 8581.0,
    "minResTime" : 1952.0,
    "maxResTime" : 17781.0,
    "pct1ResTime" : 17228.300000000003,
    "pct2ResTime" : 17758.0,
    "pct3ResTime" : 17781.0,
    "throughput" : 0.21198342289632952,
    "receivedKBytesPerSec" : 0.18180062694097324,
    "sentKBytesPerSec" : 0.04719943400426087
  },
  "Mahasiswa Home-1" : {
    "transaction" : "Mahasiswa Home-1",
    "sampleCount" : 651,
    "errorCount" : 5,
    "errorPct" : 0.7680492,
    "meanResTime" : 7076.887864823351,
    "medianResTime" : 2538.0,
    "minResTime" : 828.0,
    "maxResTime" : 30596.0,
    "pct1ResTime" : 20440.4,
    "pct2ResTime" : 25590.999999999993,
    "pct3ResTime" : 28465.400000000005,
    "throughput" : 3.7478626819958665,
    "receivedKBytesPerSec" : 62.34300135399455,
    "sentKBytesPerSec" : 0.7990205038601258
  },
  "Mahasiswa Home-0" : {
    "transaction" : "Mahasiswa Home-0",
    "sampleCount" : 651,
    "errorCount" : 0,
    "errorPct" : 0.0,
    "meanResTime" : 10788.064516129036,
    "medianResTime" : 9777.0,
    "minResTime" : 1287.0,
    "maxResTime" : 30381.0,
    "pct1ResTime" : 25720.40000000001,
    "pct2ResTime" : 26933.6,
    "pct3ResTime" : 28945.36,
    "throughput" : 3.6314547574288634,
    "receivedKBytesPerSec" : 3.1363450275984985,
    "sentKBytesPerSec" : 0.82984415355308
  },
  "Admin Reports-1" : {
    "transaction" : "Admin Reports-1",
    "sampleCount" : 20,
    "errorCount" : 0,
    "errorPct" : 0.0,
    "meanResTime" : 13323.599999999999,
    "medianResTime" : 13317.0,
    "minResTime" : 4065.0,
    "maxResTime" : 25345.0,
    "pct1ResTime" : 24283.400000000005,
    "pct2ResTime" : 25300.5,
    "pct3ResTime" : 25345.0,
    "throughput" : 0.21003770176746728,
    "receivedKBytesPerSec" : 3.51415227470831,
    "sentKBytesPerSec" : 0.04409971277344283
  },
  "My Reports" : {
    "transaction" : "My Reports",
    "sampleCount" : 530,
    "errorCount" : 14,
    "errorPct" : 2.6415095,
    "meanResTime" : 8928.073584905667,
    "medianResTime" : 4279.0,
    "minResTime" : 3099.0,
    "maxResTime" : 47585.0,
    "pct1ResTime" : 30460.500000000004,
    "pct2ResTime" : 38680.24999999999,
    "pct3ResTime" : 46911.299999999996,
    "throughput" : 3.2842350520830106,
    "receivedKBytesPerSec" : 56.56072184620485,
    "sentKBytesPerSec" : 1.4392734094697508
  },
  "Report Form Page" : {
    "transaction" : "Report Form Page",
    "sampleCount" : 490,
    "errorCount" : 490,
    "errorPct" : 100.0,
    "meanResTime" : 7605.838775510206,
    "medianResTime" : 6795.5,
    "minResTime" : 1420.0,
    "maxResTime" : 21674.0,
    "pct1ResTime" : 11834.300000000001,
    "pct2ResTime" : 13934.899999999998,
    "pct3ResTime" : 16497.07,
    "throughput" : 8.315232147705675,
    "receivedKBytesPerSec" : 13.335228743127207,
    "sentKBytesPerSec" : 1.9570028785127613
  },
  "Admin Claims" : {
    "transaction" : "Admin Claims",
    "sampleCount" : 20,
    "errorCount" : 20,
    "errorPct" : 100.0,
    "meanResTime" : 16533.25,
    "medianResTime" : 14248.0,
    "minResTime" : 9990.0,
    "maxResTime" : 27724.0,
    "pct1ResTime" : 26856.900000000005,
    "pct2ResTime" : 27690.55,
    "pct3ResTime" : 27724.0,
    "throughput" : 0.20969416106608513,
    "receivedKBytesPerSec" : 0.3352751613334452,
    "sentKBytesPerSec" : 0.046484936095704414
  },
  "Mahasiswa Home" : {
    "transaction" : "Mahasiswa Home",
    "sampleCount" : 670,
    "errorCount" : 24,
    "errorPct" : 3.5820897,
    "meanResTime" : 18226.380597014926,
    "medianResTime" : 13799.5,
    "minResTime" : 2828.0,
    "maxResTime" : 47844.0,
    "pct1ResTime" : 40952.899999999994,
    "pct2ResTime" : 45136.6,
    "pct3ResTime" : 47451.53,
    "throughput" : 3.69160243094775,
    "receivedKBytesPerSec" : 63.09671077190305,
    "sentKBytesPerSec" : 1.584373691409586
  },
  "My Claims-0" : {
    "transaction" : "My Claims-0",
    "sampleCount" : 491,
    "errorCount" : 0,
    "errorPct" : 0.0,
    "meanResTime" : 3493.12627291242,
    "medianResTime" : 3058.0,
    "minResTime" : 1281.0,
    "maxResTime" : 22363.0,
    "pct1ResTime" : 5261.6,
    "pct2ResTime" : 5515.0,
    "pct3ResTime" : 16495.04,
    "throughput" : 4.116848053929871,
    "receivedKBytesPerSec" : 3.554464456026864,
    "sentKBytesPerSec" : 0.9568455437844817
  },
  "Profile Page" : {
    "transaction" : "Profile Page",
    "sampleCount" : 490,
    "errorCount" : 490,
    "errorPct" : 100.0,
    "meanResTime" : 11917.414285714282,
    "medianResTime" : 11367.0,
    "minResTime" : 1425.0,
    "maxResTime" : 30173.0,
    "pct1ResTime" : 19287.300000000003,
    "pct2ResTime" : 22685.099999999955,
    "pct3ResTime" : 30088.829999999998,
    "throughput" : 5.588886100782444,
    "receivedKBytesPerSec" : 9.126527587283572,
    "sentKBytesPerSec" : 1.2697629321406574
  },
  "My Claims-1" : {
    "transaction" : "My Claims-1",
    "sampleCount" : 491,
    "errorCount" : 0,
    "errorPct" : 0.0,
    "meanResTime" : 4501.242362525461,
    "medianResTime" : 3524.0,
    "minResTime" : 852.0,
    "maxResTime" : 16721.0,
    "pct1ResTime" : 10082.6,
    "pct2ResTime" : 11415.4,
    "pct3ResTime" : 12196.56,
    "throughput" : 4.877418842134541,
    "receivedKBytesPerSec" : 81.62246699857452,
    "sentKBytesPerSec" : 1.0478829543648427
  },
  "Login Mahasiswa" : {
    "transaction" : "Login Mahasiswa",
    "sampleCount" : 976,
    "errorCount" : 80,
    "errorPct" : 8.196721,
    "meanResTime" : 44586.00922131145,
    "medianResTime" : 46568.5,
    "minResTime" : 7920.0,
    "maxResTime" : 63353.0,
    "pct1ResTime" : 60051.9,
    "pct2ResTime" : 61337.3,
    "pct3ResTime" : 62088.0,
    "throughput" : 5.098868949664342,
    "receivedKBytesPerSec" : 89.23826747511951,
    "sentKBytesPerSec" : 3.8433855268657107
  },
  "Login Admin" : {
    "transaction" : "Login Admin",
    "sampleCount" : 30,
    "errorCount" : 30,
    "errorPct" : 100.0,
    "meanResTime" : 10740.033333333333,
    "medianResTime" : 7077.5,
    "minResTime" : 1976.0,
    "maxResTime" : 30443.0,
    "pct1ResTime" : 27599.9,
    "pct2ResTime" : 28971.75,
    "pct3ResTime" : 30443.0,
    "throughput" : 0.16222266683249428,
    "receivedKBytesPerSec" : 2.679647028824264,
    "sentKBytesPerSec" : 0.05421152010749955
  },
  "My Claims" : {
    "transaction" : "My Claims",
    "sampleCount" : 491,
    "errorCount" : 0,
    "errorPct" : 0.0,
    "meanResTime" : 7994.857433808554,
    "medianResTime" : 7102.0,
    "minResTime" : 3122.0,
    "maxResTime" : 28519.0,
    "pct1ResTime" : 14414.4,
    "pct2ResTime" : 15898.4,
    "pct3ResTime" : 24251.239999999998,
    "throughput" : 3.9908316535535473,
    "receivedKBytesPerSec" : 70.2312997075964,
    "sentKBytesPerSec" : 1.7849618137964107
  },
  "Login Mahasiswa-0" : {
    "transaction" : "Login Mahasiswa-0",
    "sampleCount" : 936,
    "errorCount" : 0,
    "errorPct" : 0.0,
    "meanResTime" : 16366.93482905983,
    "medianResTime" : 16374.5,
    "minResTime" : 1718.0,
    "maxResTime" : 29975.0,
    "pct1ResTime" : 27149.7,
    "pct2ResTime" : 28157.55,
    "pct3ResTime" : 29848.14,
    "throughput" : 4.9844502194010145,
    "receivedKBytesPerSec" : 5.417258201244516,
    "sentKBytesPerSec" : 1.7718162889277043
  },
  "My Reports-0" : {
    "transaction" : "My Reports-0",
    "sampleCount" : 518,
    "errorCount" : 0,
    "errorPct" : 0.0,