{
  "Register Page" : {
    "transaction" : "Register Page",
    "sampleCount" : 33494,
    "errorCount" : 9775,
    "errorPct" : 29.184332,
    "meanResTime" : 2026.0656834059816,
    "medianResTime" : 1899.0,
    "minResTime" : 0.0,
    "maxResTime" : 201503.0,
    "pct1ResTime" : 3798.9000000000015,
    "pct2ResTime" : 5029.9000000000015,
    "pct3ResTime" : 19862.0,
    "throughput" : 37.014402839679036,
    "receivedKBytesPerSec" : 1077.7558688698418,
    "sentKBytesPerSec" : 10.077451446845533
  },
  "Forget Password Page" : {
    "transaction" : "Forget Password Page",
    "sampleCount" : 7943,
    "errorCount" : 240,
    "errorPct" : 3.0215285,
    "meanResTime" : 1125.3963238071249,
    "medianResTime" : 534.0,
    "minResTime" : 357.0,
    "maxResTime" : 20730.0,
    "pct1ResTime" : 687.0,
    "pct2ResTime" : 889.7999999999993,
    "pct3ResTime" : 20028.0,
    "throughput" : 58.26517513295434,
    "receivedKBytesPerSec" : 474.34206228223,
    "sentKBytesPerSec" : 16.273281335961858
  },
  "Total" : {
    "transaction" : "Total",
    "sampleCount" : 110924,
    "errorCount" : 30634,
    "errorPct" : 27.617107,
    "meanResTime" : 2027.9813926652498,
    "medianResTime" : 2803.0,
    "minResTime" : 0.0,
    "maxResTime" : 229380.0,
    "pct1ResTime" : 4464.9000000000015,
    "pct2ResTime" : 5610.0,
    "pct3ResTime" : 18290.460000000247,
    "throughput" : 119.81330882138502,
    "receivedKBytesPerSec" : 2341.7341246356555,
    "sentKBytesPerSec" : 32.27556219195793
  },
  "Login Page" : {
    "transaction" : "Login Page",
    "sampleCount" : 34355,
    "errorCount" : 9997,
    "errorPct" : 29.099112,
    "meanResTime" : 2074.541522340261,
    "medianResTime" : 1915.0,
    "minResTime" : 0.0,
    "maxResTime" : 229380.0,
    "pct1ResTime" : 3569.9000000000015,
    "pct2ResTime" : 4634.0,
    "pct3ResTime" : 19862.0,
    "throughput" : 38.75960246445862,
    "receivedKBytesPerSec" : 627.0419548916159,
    "sentKBytesPerSec" : 10.43932191567544
  },
  "Landing Page" : {
    "transaction" : "Landing Page",
    "sampleCount" : 35132,
    "errorCount" : 10622,
    "errorPct" : 30.234545,
    "meanResTime" : 2188.3430206079943,
    "medianResTime" : 1978.0,
    "minResTime" : 0.0,
    "maxResTime" : 212592.0,
    "pct1ResTime" : 3721.0,
    "pct2ResTime" : 5074.700000000004,
    "pct3ResTime" : 19964.0,
    "throughput" : 37.947433968418906,
    "receivedKBytesPerSec" : 618.1548022090457,
    "sentKBytesPerSec" : 10.035010967121117
  }
}