{
  "Register Page" : {
    "transaction" : "Register Page",
    "sampleCount" : 31458,
    "errorCount" : 14640,
    "errorPct" : 46.538242,
    "meanResTime" : 2373.8488778689143,
    "medianResTime" : 1729.0,
    "minResTime" : 0.0,
    "maxResTime" : 226560.0,
    "pct1ResTime" : 4907.9000000000015,
    "pct2ResTime" : 9411.850000000002,
    "pct3ResTime" : 30577.06000000015,
    "throughput" : 28.3574016983071,
    "receivedKBytesPerSec" : 721.014124248427,
    "sentKBytesPerSec" : 6.519620302105307
  },
  "Forget Password Page" : {
    "transaction" : "Forget Password Page",
    "sampleCount" : 7942,
    "errorCount" : 4962,
    "errorPct" : 62.477966,
    "meanResTime" : 1624.1274238227147,
    "medianResTime" : 0.0,
    "minResTime" : 0.0,
    "maxResTime" : 178255.0,
    "pct1ResTime" : 980.6999999999998,
    "pct2ResTime" : 1377.0,
    "pct3ResTime" : 45763.199999996956,
    "throughput" : 34.54440273675878,
    "receivedKBytesPerSec" : 158.29482733099687,
    "sentKBytesPerSec" : 3.7732478513050927
  },
  "Total" : {
    "transaction" : "Total",
    "sampleCount" : 104841,
    "errorCount" : 49877,
    "errorPct" : 47.573944,
    "meanResTime" : 2350.3573983460797,
    "medianResTime" : 3294.0,
    "minResTime" : 0.0,
    "maxResTime" : 240342.0,
    "pct1ResTime" : 6502.0,
    "pct2ResTime" : 11002.550000000007,
    "pct3ResTime" : 22226.970000000005,
    "throughput" : 94.2288524124567,
    "receivedKBytesPerSec" : 1601.9318822261803,
    "sentKBytesPerSec" : 20.60937975369645
  },
  "Login Page" : {
    "transaction" : "Login Page",
    "sampleCount" : 32312,
    "errorCount" : 14690,
    "errorPct" : 45.462986,
    "meanResTime" : 2299.821397623175,
    "medianResTime" : 1764.5,
    "minResTime" : 0.0,
    "maxResTime" : 240342.0,
    "pct1ResTime" : 4739.0,
    "pct2ResTime" : 8900.550000000021,
    "pct3ResTime" : 30767.710000000206,
    "throughput" : 29.961407718827136,
    "receivedKBytesPerSec" : 430.65344436341286,
    "sentKBytesPerSec" : 6.845161134596376
  },
  "Landing Page" : {
    "transaction" : "Landing Page",
    "sampleCount" : 33129,
    "errorCount" : 15585,
    "errorPct" : 47.043377,
    "meanResTime" : 2551.4393129886125,
    "medianResTime" : 2056.0,
    "minResTime" : 0.0,
    "maxResTime" : 230082.0,
    "pct1ResTime" : 5476.800000000003,
    "pct2ResTime" : 9613.450000000008,
    "pct3ResTime" : 36779.98,
    "throughput" : 29.775637885677153,
    "receivedKBytesPerSec" : 432.905927162922,
    "sentKBytesPerSec" : 6.6943421209917835
  }
}