{
  "My Claims" : {
    "transaction" : "My Claims",
    "sampleCount" : 1047,
    "errorCount" : 1047,
    "errorPct" : 100.0,
    "meanResTime" : 14213.72492836674,
    "medianResTime" : 13305.0,
    "minResTime" : 4374.0,
    "maxResTime" : 33016.0,
    "pct1ResTime" : 22044.0,
    "pct2ResTime" : 23216.0,
    "pct3ResTime" : 30264.92,
    "throughput" : 3.9720025038411193,
    "receivedKBytesPerSec" : 147.8153037804207,
    "sentKBytesPerSec" : 1.7493878215159617
  },
  "Total" : {
    "transaction" : "Total",
    "sampleCount" : 10709,
    "errorCount" : 6132,
    "errorPct" : 57.26025,
    "meanResTime" : 17504.25828742179,
    "medianResTime" : 14521.0,
    "minResTime" : 383.0,
    "maxResTime" : 53969.0,
    "pct1ResTime" : 33414.0,
    "pct2ResTime" : 43681.0,
    "pct3ResTime" : 50703.0,
    "throughput" : 35.22952318917817,
    "receivedKBytesPerSec" : 973.0160750736895,
    "sentKBytesPerSec" : 18.289052913574338
  },
  "Mahasiswa Home - Page 5" : {
    "transaction" : "Mahasiswa Home - Page 5",
    "sampleCount" : 1306,
    "errorCount" : 1306,
    "errorPct" : 100.0,
    "meanResTime" : 11786.519142419605,
    "medianResTime" : 6576.5,
    "minResTime" : 4007.0,
    "maxResTime" : 34568.0,
    "pct1ResTime" : 26405.599999999988,
    "pct2ResTime" : 29407.999999999993,
    "pct3ResTime" : 33218.42000000001,
    "throughput" : 4.412833032048791,
    "receivedKBytesPerSec" : 107.50329178000034,
    "sentKBytesPerSec" : 1.9564708950685072
  },
  "My Reports" : {
    "transaction" : "My Reports",
    "sampleCount" : 1102,
    "errorCount" : 1102,
    "errorPct" : 100.0,
    "meanResTime" : 11507.439201451893,
    "medianResTime" : 10791.0,
    "minResTime" : 4267.0,
    "maxResTime" : 34914.0,
    "pct1ResTime" : 19521.200000000004,
    "pct2ResTime" : 23741.999999999996,
    "pct3ResTime" : 30730.99,
    "throughput" : 3.944137837238101,
    "receivedKBytesPerSec" : 294.4638166400921,
    "sentKBytesPerSec" : 1.7448187893250586
  },
  "Login" : {
    "transaction" : "Login",
    "sampleCount" : 1528,
    "errorCount" : 3,
    "errorPct" : 0.19633508,
    "meanResTime" : 36169.242801047076,
    "medianResTime" : 39925.0,
    "minResTime" : 3755.0,
    "maxResTime" : 53969.0,
    "pct1ResTime" : 49832.8,
    "pct2ResTime" : 51632.3,
    "pct3ResTime" : 53290.71,
    "throughput" : 5.026679562336748,
    "receivedKBytesPerSec" : 127.69014572497845,
    "sentKBytesPerSec" : 4.681246977577325
  },
  "Mahasiswa Home - Page 1" : {
    "transaction" : "Mahasiswa Home - Page 1",
    "sampleCount" : 1486,
    "errorCount" : 1486,
    "errorPct" : 100.0,
    "meanResTime" : 14151.004037685087,
    "medianResTime" : 11723.0,
    "minResTime" : 2490.0,
    "maxResTime" : 34894.0,
    "pct1ResTime" : 28437.8,
    "pct2ResTime" : 30051.899999999998,
    "pct3ResTime" : 33170.39,
    "throughput" : 4.974125176571402,
    "receivedKBytesPerSec" : 121.17819477603885,
    "sentKBytesPerSec" : 2.2053250294564615
  },
  "Login-0" : {
    "transaction" : "Login-0",
    "sampleCount" : 1527,
    "errorCount" : 0,
    "errorPct" : 0.0,
    "meanResTime" : 18105.222003929284,
    "medianResTime" : 18684.0,
    "minResTime" : 1696.0,
    "maxResTime" : 34380.0,
    "pct1ResTime" : 29169.2,
    "pct2ResTime" : 30792.799999999996,
    "pct3ResTime" : 33318.8,
    "throughput" : 5.029727103542548,
    "receivedKBytesPerSec" : 5.465443271463627,
    "sentKBytesPerSec" : 2.491558835578649
  },
  "Mahasiswa Home - Page 10" : {
    "transaction" : "Mahasiswa Home - Page 10",
    "sampleCount" : 1186,
    "errorCount" : 1186,
    "errorPct" : 100.0,
    "meanResTime" : 10917.776559865099,
    "medianResTime" : 8054.0,
    "minResTime" : 4035.0,
    "maxResTime" : 34551.0,
    "pct1ResTime" : 23906.0,
    "pct2ResTime" : 29154.89999999999,
    "pct3ResTime" : 32921.609999999986,
    "throughput" : 4.096053490452327,
    "receivedKBytesPerSec" : 99.78605858893374,
    "sentKBytesPerSec" : 1.820023767730282
  },
  "Login-1" : {
    "transaction" : "Login-1",
    "sampleCount" : 1527,
    "errorCount" : 2,
    "errorPct" : 0.13097577,
    "meanResTime" : 18079.10150622129,
    "medianResTime" : 18540.0,
    "minResTime" : 383.0,
    "maxResTime" : 34344.0,
    "pct1ResTime" : 28936.0,
    "pct2ResTime" : 30355.0,
    "pct3ResTime" : 33004.560000000005,
    "throughput" : 5.06429028631315,
    "receivedKBytesPerSec" : 123.21998057569405,
    "sentKBytesPerSec" : 2.2106814042792755
  }
}